{
    "numero_testes": 578,
    "placar": [
        {
            "pontuacao_maxima": 0,
            "pontuacao_maxima_nome": ""
        },
        {
            "pontuacao_maxima": 0,
            "pontuacao_maxima_nome": ""
        },
        {
            "pontuacao_maxima": 0,
            "pontuacao_maxima_nome": ""
        },
        {
            "pontuacao_maxima": 0,
            "pontuacao_maxima_nome": "D"
        },
        {
            "pontuacao_maxima": 50,
            "pontuacao_maxima_nome": "O"
        },
        {
            "pontuacao_maxima": 50,
            "pontuacao_maxima_nome": "AD"
        },
        {
            "pontuacao_maxima": 50,
            "pontuacao_maxima_nome": "AAY"
        },
        {
            "pontuacao_maxima": 300,
            "pontuacao_maxima_nome": "R"
        },
        {
            "pontuacao_maxima": 400,
            "pontuacao_maxima_nome": "A"
        },
        {
            "pontuacao_maxima": 400,
            "pontuacao_maxima_nome": "NF"
        },
        {
            "pontuacao_maxima": 400,
            "pontuacao_maxima_nome": "A"
        },
        {
            "pontuacao_maxima": 400,
            "pontuacao_maxima_nome": "GSD"
        },
        {
            "pontuacao_maxima": 400,
            "pontuacao_maxima_nome": "AAG"
        },
        {
            "pontuacao_maxima": 400,
            "pontuacao_maxima_nome": "AKL"
        },
        {
            "pontuacao_maxima": 400,
            "pontuacao_maxima_nome": "FHD"
        },
        {
            "pontuacao_maxima": 400,
            "pontuacao_maxima_nome": "DA"
        },
        {
            "pontuacao_maxima": 400,
            "pontuacao_maxima_nome": "AS"
        },
        {
            "pontuacao_maxima": 400,
            "pontuacao_maxima_nome": "AE"
        },
        {
            "pontuacao_maxima": 400,
            "pontuacao_maxima_nome": "DAE"
        },
        {
            "pontuacao_maxima": 400,
            "pontuacao_maxima_nome": "AI"
        },
        {
            "pontuacao_maxima": 400,
            "pontuacao_maxima_nome": "GI"
        },
        {
            "pontuacao_maxima": 400,
            "pontuacao_maxima_nome": "HJ"
        },
        {
            "pontuacao_maxima": 450,
            "pontuacao_maxima_nome": "AS"
        },
        {
            "pontuacao_maxima": 450,
            "pontuacao_maxima_nome": "ASB"
        },
        {
            "pontuacao_maxima": 500,
            "pontuacao_maxima_nome": "D"
        },
        {
            "pontuacao_maxima": 500,
            "pontuacao_maxima_nome": "YU"
        },
        {
            "pontuacao_maxima": 500,
            "pontuacao_maxima_nome": "XZ"
        },
        {
            "pontuacao_maxima": 500,
            "pontuacao_maxima_nome": "IK"
        },
        {
            "pontuacao_maxima": 600,
            "pontuacao_maxima_nome": "TY"
        },
        {
            "pontuacao_maxima": 600,
            "pontuacao_maxima_nome": "JH"
        },
        {
            "pontuacao_maxima": 1000,
            "pontuacao_maxima_nome": "AT"
        },
        {
            "pontuacao_maxima": 1000,
            "pontuacao_maxima_nome": "GLJ"
        },
        {
            "pontuacao_maxima": 1100,
            "pontuacao_maxima_nome": "SD"
        },
        {
            "pontuacao_maxima": 1100,
            "pontuacao_maxima_nome": "S"
        },
        {
            "pontuacao_maxima": 1150,
            "pontuacao_maxima_nome": "PE"
        },
        {
            "pontuacao_maxima": 1200,
            "pontuacao_maxima_nome": "A"
        },
        {
            "pontuacao_maxima": 1224,
            "pontuacao_maxima_nome": "G"
        },
        {
            "pontuacao_maxima": 1250,
            "pontuacao_maxima_nome": "TE"
        },
        {
            "pontuacao_maxima": 1300,
            "pontuacao_maxima_nome": "C"
        },
        {
            "pontuacao_maxima": 1350,
            "pontuacao_maxima_nome": "SE"
        },
        {
            "pontuacao_maxima": 1375,
            "pontuacao_maxima_nome": "AE"
        },
        {
            "pontuacao_maxima": 1550,
            "pontuacao_maxima_nome": "DANIEL"
        },
        {
            "pontuacao_maxima": 2792,
            "pontuacao_maxima_nome": "AAAAAAAAAAAAA"
        },
        {
            "pontuacao_maxima": 2792,
            "pontuacao_maxima_nome": "JL"
        },
        {
            "pontuacao_maxima": 2892,
            "pontuacao_maxima_nome": "ASE"
        },
        {
            "pontuacao_maxima": 2892,
            "pontuacao_maxima_nome": "A"
        },
        {
            "pontuacao_maxima": 2942,
            "pontuacao_maxima_nome": "JA"
        },
        {
            "pontuacao_maxima": 2954,
            "pontuacao_maxima_nome": "HA"
        },
        {
            "pontuacao_maxima": 3017,
            "pontuacao_maxima_nome": "JKS"
        },
        {
            "pontuacao_maxima": 3092,
            "pontuacao_maxima_nome": "A"
        },
        {
            "pontuacao_maxima": 3192,
            "pontuacao_maxima_nome": "ASD"
        },
        {
            "pontuacao_maxima": 3467,
            "pontuacao_maxima_nome": "LO"
        },
        {
            "pontuacao_maxima": 4000,
            "pontuacao_maxima_nome": "JL"
        },
        {
            "pontuacao_maxima": 4500,
            "pontuacao_maxima_nome": "PP"
        },
        {
            "pontuacao_maxima": 5000,
            "pontuacao_maxima_nome": "FA"
        },
        {
            "pontuacao_maxima": 5500,
            "pontuacao_maxima_nome": "UI"
        },
        {
            "pontuacao_maxima": 6000,
            "pontuacao_maxima_nome": "AAA"
        },
        {
            "pontuacao_maxima": 6500,
            "pontuacao_maxima_nome": "TF"
        },
        {
            "pontuacao_maxima": 7000,
            "pontuacao_maxima_nome": "AS"
        },
        {
            "pontuacao_maxima": 7500,
            "pontuacao_maxima_nome": "KL"
        },
        {
            "pontuacao_maxima": 11578,
            "pontuacao_maxima_nome": "ADD"
        },
        {
            "pontuacao_maxima": 13114,
            "pontuacao_maxima_nome": "A"
        },
        {
            "pontuacao_maxima": 111573,
            "pontuacao_maxima_nome": "ATE"
        }
    ]
}